material,critical_temp
ag0.775sn0.225,0.09
al0.14au0.86,0.385
b1nb1,8.25
b2mg1,35.56130435
ba0.77k0.23fe2as2,20.25
ba1fe1.83zn0.04co0.13as2,20
ba1fe1.892ni0.108as2,15.88
ba1fe1.8co0.2as2,20.05
ba1fe2as1.5p0.5,22.9
bi0.066mo0.264cu0.67sr2y1cu2o,37.5
bi1.6pb0.4sr1.8ba0.2ca1.98er0.02cu3o,107
bi1sr0.95nd0.05cu1o,8.01
bi2.05sr1.95cu1o6,8.94
bi2.1sr1.85cu1o6,5.515
bi2sr1.8la0.2ca1cu2o,87.94
bi2sr2ca0.6ce0.4cu2o8,71
bi2sr2ca0.6y0.4cu2o,72.7
bi2sr2ca1cu2o8,77.62825
bi4sr3ca2.9tm0.1cu4o16.36,80
c1nb1,10.025
ca0.3ba1.45la1.25cu3o7.12,69.3
ca0.81la0.19fe1as2,30.03333333
ca0.8la0.2fe1as1h1,40.6
ce0.8yb0.2co1in5,0.92
ce0.98la0.02pt3si1,0.03
ce1co0.5rh0.5in5,1.6
ce1fe1as1h0.6o0.6,45.8
ce1rh0.5co0.5in5,1.4
ce1ru0.2co1.8,0.35
cr0.071nb0.929,6.95
cu0.1ti1se2,3.2
dy1ba2cu2.94zn0.06o6.9,62
er0.5y0.5ba2cu3o7,91.8
eu1.45pr0.05ce0.5sr2cu2nb1o10,21.4
eu1ba2cu3s1o6,85
fe0.5ba2dy1cu2.5o7.52,75
fe1se0.082te0.738,10.9
fe1se0.85,9.62
fe1se0.94,8.545
fe1te0.5se0.5,14.725
ga0.19nb0.81,13.3
ga1v2.1,6.3
ga24.8v75.2,15.1
ge0.937te1,0.311
hf0.5nb0.5,8.905
hg0.4pr0.6sr2.5pr0.5cu2o6,74
hg0.65v0.35sr2.5nd0.5cu2o6,82
hg0.7cr0.3sr2cu0.95ni0.05o4,39
hg0.7cr0.3sr2cu0.97co0.03o4,46
hg0.8ba2cu1.15o4,93.2
hg0.8pb0.2ba2ca2cu3o8,129
hg0.8sb0.15pb0.05ba2ca2cu3o8,127
hg1ba2ca2cu3o8.27,135
hg1ba2ca3cu4o,114
hg1ba2ca4cu5o,97.11111111
ho1ni1.95co0.03b2c1,4.51
in0.17tl0.83,3.45
in0.92sn0.08,4.25
ir0.37nb0.63,2.316666667
la0.7y0.3fe1as1o0.6,35.6
la0.85sr0.15fe1as1o,23
la0.9997ce0.0003pt1si1,3.2
la0.9ca0.1ba1.5sr0.5cu3o6.847,68
la1.475nd0.4sr0.125cu1o4,7.9
la1.5ba1.3ca0.2cu3o6.897,16
la1.776nd0.074sr0.014ba0.136cu1o4.03,30
la1.795nd0.08sr0.125cu1o4,29.5
la1.7ba0.3cu1o4,12.85
la1.85sr0.15cu1o4,35.58607843
la1.8sr0.2ca1cu2o6.03,51
la1.8sr0.2cu0.96ni0.04o4,6.566666667
la1.91sr0.09cu1o4,25.475
la1.92k0.08cu1o4,21
la1cu1o4,23
la1fe1as1f0.15o0.85,20.25
la1fe1as1o1.0,10.2
li0.5nb1o2,10.7
li0.8fe1.2se1h1o1,40.45
li1fe0.975co0.025as1,13.4
li1fe0.98ni0.02as1,10.58
li1fe1as1,16.475
lu0.93pr0.07ba2cu3o7,81.5
lu1ba2cu3o7,88.155
lu1ni2b2c1,15.88066667
mg0.85al0.15b2,31.5
mg0.8al0.2b2,28.71
mg0.95fe0.05b2,29.5
mg0.97cr0.03b2,35.1
mg1b1.75c0.25,16.25
mg1b1.7c0.3,27.5175
mg1b1.924c0.076,35.78
mn0.1fe0.9se0.85,11
mo5s6zn1,3.1
na1fe0.97co0.03as1,21.13333333
na1fe0.981co0.019as1,19.3
na1fe0.99co0.01as1,15.6
nb0.72sn0.28,18.2
nb1os2,2.52
nb2.4ta0.6sn1,17.3
nb2.973zr0.027al1,16.6
nb3al0.67ga0.33,18.7
nd0.9ba1.7sr0.4cu3o6.666,82
nd1.47la0.4ce0.13cu1o4,22
nd1.847ce0.153cu1o4,22.5
nd1.85ce0.15cu0.993ni0.007o4,6.366666667
nd1.85ce0.15cu0.995zn0.005o4,18
nd1.85ce0.15cu0.99zn0.01o4,15.3
nd1.85ce0.15cu1o3.97,20
nd1ba2cu3o,90.905
pb0.93tl0.075,6.98
pd3te1,0.76
pr0.6ca0.4ba2cu3o7,28.25
pr1.85ce0.15cu1o4,20.13333333
pr1fe0.7co0.3as1o1,4
pr1fe1as1o0.7,46.25
s1,13
sm0.75gd1.1ce0.15cu1o3.97,9.6
sm0.7pr0.3ba2cu3o6.75,6.6
sm1.28ba1.72cu3o7.03,43.6
sm1fe0.875ir0.125as1o1,16.5
sm1fe0.97mn0.03as1f0.12o0.88,31.3
sm1fe1as1f0.15o0.85,44.48888889
sn0.97as0.022te0.978,0.0332
sr1fe1.85ni0.15as2,8.93
tl0.5ba2ca3cu4zn0.5o12,110.5
tl0.6sr2ca2cu3.4o,83.5
tl0.8mo0.2sr2ca1cu2o7,50
tl1.4hg0.6ba2ca2cu3o,118
tl1ba2ca1cu2o7,86.65
tl1sr2ba2cu2c0.8n0.2o10,55
tl1sr2ca0.1y0.9cu2o6.97,87
tl2ba2ca1cu2o8,104.8166667
tl2ba2cu1o5.94,58
tl2ba2cu1o6,58.88888889
tm1ni2b2c1,10.73222222
v3si0.986sb0.014,10.5
v75si20ga5,12.33
y0.4pr0.6ba2cu4o8,37.875
y0.6tb0.4ni2b2c1,3.52
y0.75eu0.25ba2cu4o8,78
y0.75pr0.25ni2b2c1,7.7
y1ba1.5la0.5cu3o7.22,36.6
y1ba2cu2.4ni0.6o6.94,66
y1ba2cu2.895mo0.105o,52.5
y1ba2cu2.94ga0.06o7,87.29666667
y1ba2cu2.9ni0.1o6.93,72.5
y1ba2cu3o6.52,55.898
y1ba2cu3o6.54,52.06666667
y1ba2cu3o6.9,90.47673913
y1ba2cu3o7,85.46979091
yb1rh1.4sn4.6,8.6
yb3rh4sn13,7.833333333
ba0.64k0.34fe2as2,39
ca0.8la0.2fe2as2,40
sr0.6k0.4fe2as2,38
bi2sr2ca1cu2o8.16,92.7
la1.85sr0.15cu1o4.03,40
pr0.5ca0.5ba2cu3o7,52
al1,1.159
sn1,3.809
k0.8fe2se2,28.3
cs0.86fe1.66se2,25.5
